"#","Url"
"1","https://www.cbsnews.com/news/ferguson-police-radio-calls-surface-from-michael-brown-shooting/"
"2","https://www.cbsnews.com/news/darren-wilson-cleared-in-michael-brown-ferguson-killing-by-justice-department/"
"3","https://www.cbsnews.com/news/ferguson-decision-grand-jury-decides-not-to-charge-police-officer-darren-wilson-in-michael-brown/"
"4","https://www.cbsnews.com/newyork/news/ferguson-grand-jury-declines-to-indict-in-michael-brown-case/"
"5","https://www.cbsnews.com/news/timeline-police-shooting-death-of-michael-brown-in-ferguson-missouri/"
"6","https://www.cbsnews.com/news/report-ferguson-police-officer-darren-wilson-close-to-being-cleared-by-justice-department-in-michael/"
"7","https://www.cbsnews.com/news/union-ferguson-cop-darren-wilson-doesnt-expect-to-be-charged/"
"8","https://www.cbsnews.com/news/ferguson-decision-darren-wilson-said-he-felt-like-a-5-year-old-holding-onto-hulk-hogan/"
"9","https://www.cbsnews.com/news/ferguson-braces-for-grand-jury-decision-in-michael-brown-shooting/"
"10","https://www.cbsnews.com/news/michael-brown-family-to-file-lawsuit-against-ferguson/"
"11","https://www.cbsnews.com/sanfrancisco/news/darren-wilsons-resignation-little-solace-for-michael-brown-bay-area-protesters-angry-over-ferguson-grand-jury-decision/"
"12","https://www.cbsnews.com/pictures/protests-respond-to-ferguson-decision-around-the-country/"
"13","https://www.cbsnews.com/news/fbi-says-ferguson-grand-jury-decision-michael-brown-could-turn-violent/"
"14","https://www.cbsnews.com/news/darren-wilson-resigns-from-ferguson-police-department/"
"15","https://www.cbsnews.com/news/ferguson-grand-jury-michael-brown-sr-says-a-decision-will-be-announced-monday-night/"
"16","https://www.cbsnews.com/news/ferguson-missouri-michael-browns-family-urges-police-protester-restraint-as-grand-jury-weighs/"
"17","https://www.cbsnews.com/colorado/news/in-michael-brown-case-evidence-must-match-testimony-legal-expert-says/"
"18","https://www.cbsnews.com/news/after-critical-doj-findings-ferguson-fires-police-employee/"
"19","https://www.cbsnews.com/pictures/protests-erupt-as-grand-jury-reaches-decision-in-michael-brown-shooting/"
"20","https://www.cbsnews.com/news/prosecutor-some-ferguson-witnesses-clearly-lied-but-no-charges/"
"21","https://www.cbsnews.com/news/ferguson-grand-jury-documents-support-earlier-data/"
"22","https://www.cbsnews.com/sacramento/news/q-a-how-did-the-ferguson-grand-jury-reach-its-decision/"
"23","https://www.cbsnews.com/news/as-ferguson-braces-for-grand-jury-decision-leaders-aim-for-longterm-reforms/"
"24","https://www.cbsnews.com/news/report-man-found-dead-in-car-in-ferguson-missouri/"
"25","https://www.cbsnews.com/news/ferguson-cops-shot-police-chief-says-we-could-have-buried-2-police-officers/"
"26","https://www.cbsnews.com/sanfrancisco/news/crowds-gather-in-oakland-to-protest-grand-jury-decision-on-ferguson-police-shooting/"
"27","https://www.cbsnews.com/newyork/news/ferguson-businesses-torched-in-overnight-protests/"
"28","https://www.cbsnews.com/news/ferguson-policing-eric-holder-implicit-explicit-racial-bias/"
"29","https://www.cbsnews.com/news/ferguson-protests-16-arrests-in-latest-demonstrations/"
"30","https://www.cbsnews.com/philadelphia/news/andrew-napolitano-feds-decision-to-not-indict-officer-darren-wilson-means-daniel-pantaleo-likely-will-be-indicted/"
"31","https://www.cbsnews.com/baltimore/news/ferguson-protests-planned-for-baltimore-dc/"
"32","https://www.cbsnews.com/baltimore/news/peace-encouraged-as-baltimore-braces-for-ferguson-ruling/"
"33","https://www.cbsnews.com/newyork/news/2-officers-shot-at-protest-outside-ferguson-mo-police-station/"
"34","https://www.cbsnews.com/losangeles/news/protesters-gather-on-10-freeway-in-wake-of-ferguson-decision/"
"35","https://www.cbsnews.com/news/michael-brown-and-eric-garner-the-police-use-of-force-and-race/"
"36","https://www.cbsnews.com/news/official-embattled-ferguson-police-chief-to-resign-position/"
"37","https://www.cbsnews.com/colorado/news/protests-in-denver-boulder-continue-as-darren-wilson-resigns/"
"38","https://www.cbsnews.com/news/st-louis-cop-who-killed-18-year-old-avoids-charges/"
"39","https://www.cbsnews.com/news/ferguson-missouri-police-nationwide-brace-for-protests-after-grand-jury-decision/"
"40","https://www.cbsnews.com/philadelphia/news/rams-players-show-support-of-ferguson-demonstrators/"
"41","https://www.cbsnews.com/news/ferguson-protests-hands-up-gesture-animates-new-round-of-demonstrations/"
"42","https://www.cbsnews.com/sanfrancisco/news/ferguson-protester-attacks-sf-officer-with-broken-tequila-bottle-cop-may-be-disfigured-for-life-darren-wilson-michael-brown/"
"43","https://www.cbsnews.com/colorado/news/springs-man-tells-judge-hes-remorseful-for-threats-against-police/"
"44","https://www.cbsnews.com/news/no-fly-zone-near-michael-brown-ferguson-protests-were-meant-to-keep-media-out/"
"45","https://www.cbsnews.com/news/ferguson-city-manager-removed-after-justice-department-report/"
"46","https://www.cbsnews.com/news/nypd-chokehold-death-jurys-decision-sparks-outrage-surprise/"
"47","https://www.cbsnews.com/philadelphia/news/zeoli-show-log-11-25-14/"
"48","https://www.cbsnews.com/news/missouri-governor-ends-monthlong-state-of-emergency/"
"49","https://www.cbsnews.com/news/st-louis-rams-players-show-apparent-solidarity-with-ferguson-demonstrators/"
"50","https://www.cbsnews.com/sacramento/news/folsom-police-praise-body-camera-use-as-tool-for-investigations/"
"51","https://www.cbsnews.com/news/crimesider-top-news-stories-of-2014/"
"52","https://www.cbsnews.com/news/nypd-chokehold-death-grand-jury-votes-not-to-charge-cop-in-eric-garner-case/"
"53","https://www.cbsnews.com/news/mayor-south-carolina-police-officer-charged-with-murder-in-shooting-after-traffic-stop/"
"54","https://www.cbsnews.com/news/devonte-hart-hug-at-ferguson-rally-goes-viral/"
"55","https://www.cbsnews.com/newyork/news/thousands-expected-at-dc-march-against-police-violence/"
"56","https://www.cbsnews.com/news/ferguson-grand-jury-decision-sparks-protests-nationwide/"
"57","https://www.cbsnews.com/news/obama-calls-for-demonstrators-to-protest-peacefully/"
"58","https://www.cbsnews.com/news/department-of-justice-no-civil-rights-charges-trayvon-martin-case/"
"59","https://www.cbsnews.com/pictures/2015-pulitzers-for-photography/"
"60","https://www.cbsnews.com/news/tony-robinson-shooting-protests-unarmed-black-teen-wisconsin/"
"61","https://www.cbsnews.com/newyork/news/adl-takes-reggie-bush-to-task-for-social-media-posts-conflating-ferguson-palestine/"
"62","https://www.cbsnews.com/latest/us/6625/"
"63","https://www.cbsnews.com/latest/crime/3471/"
"64","https://www.cbsnews.com/news/madison-police-chief-unarmed-black-teen-shot-by-veteran-white-officer/"
"65","https://www.cbsnews.com/pictures/photos-of-the-week-nov-22-28-2014/"
"66","https://www.cbsnews.com/news/ezell-ford-shooting-split-decision-on-lapd-officers-in-deadly-shooting/"
"67","https://www.cbsnews.com/sanfrancisco/news/chp-questions-200-people-seizes-weapons-during-massive-oakland-sideshow-california-highway-patrol-port-of-oakland-stunts-cars-protesters-ferguson/"
"68","https://www.cbsnews.com/pictures/americans-vote-in-mid-term-elections/"
"69","https://www.cbsnews.com/losangeles/news/brentwood-parent-sues-lausd-after-teacher-allegedly-used-racially-charged-comments-in-class/"
"70","https://www.cbsnews.com/news/face-the-nation-transcripts-november-23-2014-brooks-mccaul-durbin/"
"71","https://www.cbsnews.com/latest/crime/3574/"
"72","https://www.cbsnews.com/newyork/news/the-top-14-news-stories-of-2014/"
"73","https://www.cbsnews.com/news/face-the-nation-transcripts-march-8-2015-netanyahu-mcconnell-gowdy/"